{"cameraMode":{"drawMode":0,"name":"Shaded","section":"Shading Mode"},"sceneLighting":false,"audioPlay":false,"sceneViewState":{"showFog":true,"showMaterialUpdate":false,"showSkybox":true,"showFlares":true,"showImageEffects":true,"showParticleSystems":true},"in2DMode":false,"pivot":{"x":-0.00005685817450284958,"y":0.021792668849229814,"z":5.003247261047363},"rotation":{"x":0.07657893002033234,"y":-0.8867120146751404,"z":0.15889112651348115,"w":0.4273536503314972},"size":1.8784852027893067,"orthographic":false}