{"cameraMode":{"drawMode":0,"name":"Shaded","section":"Shading Mode"},"sceneLighting":false,"audioPlay":false,"sceneViewState":{"showFog":true,"showMaterialUpdate":false,"showSkybox":true,"showFlares":true,"showImageEffects":true,"showParticleSystems":true},"in2DMode":false,"pivot":{"x":-0.004003569483757019,"y":-0.017545491456985475,"z":0.07278525829315186},"rotation":{"x":0.17031149566173554,"y":-0.04285430908203125,"z":0.007413736078888178,"w":0.9844300746917725},"size":0.3246803879737854,"orthographic":false}